pn,sn,sal,tid,mid,log
Roy,Warner,Dr Warner,RW,RWa1243785736,2024-12-01
Aaron,Cole,Mr Cole,AC,ACo1243785767,2024-12-01
Owen,Edwards,Mr Edwards,OE,OEd1243785457,2024-12-01
Estella,Schmidt,Mrs Schmidt,ES,ESc1243785550,2024-12-01
Angel,Holland,Mr Holland,AH,AHo1243785581,2024-12-01
Tillie,McDonald,Miss McDonald,TM,TMc1243785488,2024-12-01
Hettie,Keller,Dr Keller,HK,HKe1243785705,2024-12-01
Daniel,Baldwin,Dr Baldwin,DB,DBa1243785519,2024-12-01
Ray,Hines,Mr Hines,RH,RHi1243785612,2024-12-01
Irene,Clarke,Mrs Clarke,IC,ICl1243785674,2024-12-01
